<?xml version="1.0" encoding="UTF-8" ?>
<!-- This is a WordPress eXtended RSS file generated by WordPress as an export of your site. -->
<!-- It contains information about your site's posts, pages, comments, categories, and other content. -->
<!-- You may use this file to transfer that content from one site to another. -->
<!-- This file is not intended to serve as a complete backup of your site. -->

<!-- To import this information into a WordPress site follow these steps: -->
<!-- 1. Log in to that site as an administrator. -->
<!-- 2. Go to Tools: Import in the WordPress admin panel. -->
<!-- 3. Install the "WordPress" importer from the list. -->
<!-- 4. Activate & Run Importer. -->
<!-- 5. Upload this file using the form provided on that page. -->
<!-- 6. You will first be asked to map the authors in this export file to users -->
<!--    on the site. For each author, you may choose to map to an -->
<!--    existing user on the site or to create a new user. -->
<!-- 7. WordPress will then import each of the posts, pages, comments, categories, etc. -->
<!--    contained in this file into your site. -->

	<!-- generator="WordPress/5.2.2" created="2019-08-14 14:46" -->
<rss version="2.0"
	xmlns:excerpt="http://wordpress.org/export/1.2/excerpt/"
	xmlns:content="http://purl.org/rss/1.0/modules/content/"
	xmlns:wfw="http://wellformedweb.org/CommentAPI/"
	xmlns:dc="http://purl.org/dc/elements/1.1/"
	xmlns:wp="http://wordpress.org/export/1.2/"
>

<channel>
	<title>ArtJetFly</title>
	<link>http://artjetfly</link>
	<description>Ещё один сайт на WordPress</description>
	<pubDate>Wed, 14 Aug 2019 14:46:00 +0000</pubDate>
	<language>ru-RU</language>
	<wp:wxr_version>1.2</wp:wxr_version>
	<wp:base_site_url>http://artjetfly</wp:base_site_url>
	<wp:base_blog_url>http://artjetfly</wp:base_blog_url>

		<wp:author><wp:author_id>1</wp:author_id><wp:author_login><![CDATA[artjetfly]]></wp:author_login><wp:author_email><![CDATA[admin@artjetfly.com]]></wp:author_email><wp:author_display_name><![CDATA[artjetfly]]></wp:author_display_name><wp:author_first_name><![CDATA[]]></wp:author_first_name><wp:author_last_name><![CDATA[]]></wp:author_last_name></wp:author>

		<wp:category>
		<wp:term_id>1</wp:term_id>
		<wp:category_nicename><![CDATA[%d0%b1%d0%b5%d0%b7-%d1%80%d1%83%d0%b1%d1%80%d0%b8%d0%ba%d0%b8]]></wp:category_nicename>
		<wp:category_parent><![CDATA[]]></wp:category_parent>
		<wp:cat_name><![CDATA[Без рубрики]]></wp:cat_name>
	</wp:category>
				<wp:term>
		<wp:term_id><![CDATA[1]]></wp:term_id>
		<wp:term_taxonomy><![CDATA[category]]></wp:term_taxonomy>
		<wp:term_slug><![CDATA[%d0%b1%d0%b5%d0%b7-%d1%80%d1%83%d0%b1%d1%80%d0%b8%d0%ba%d0%b8]]></wp:term_slug>
		<wp:term_parent><![CDATA[]]></wp:term_parent>
		<wp:term_name><![CDATA[Без рубрики]]></wp:term_name>
	</wp:term>
		
	<generator>https://wordpress.org/?v=5.2.2</generator>

		<item>
		<title></title>
		<link>http://artjetfly/</link>
		<pubDate>Tue, 13 Aug 2019 14:38:55 +0000</pubDate>
		<dc:creator><![CDATA[artjetfly]]></dc:creator>
		<guid isPermaLink="false">http://artjetfly/?page_id=2</guid>
		<description></description>
		<content:encoded><![CDATA[<!-- wp:heading -->
<h2></h2>
<!-- /wp:heading -->

<p>[maxgallery id="40"]</p>]]></content:encoded>
		<excerpt:encoded><![CDATA[]]></excerpt:encoded>
		<wp:post_id>2</wp:post_id>
		<wp:post_date><![CDATA[2019-08-13 17:38:55]]></wp:post_date>
		<wp:post_date_gmt><![CDATA[2019-08-13 14:38:55]]></wp:post_date_gmt>
		<wp:comment_status><![CDATA[closed]]></wp:comment_status>
		<wp:ping_status><![CDATA[closed]]></wp:ping_status>
		<wp:post_name><![CDATA[sample-page]]></wp:post_name>
		<wp:status><![CDATA[publish]]></wp:status>
		<wp:post_parent>0</wp:post_parent>
		<wp:menu_order>0</wp:menu_order>
		<wp:post_type><![CDATA[page]]></wp:post_type>
		<wp:post_password><![CDATA[]]></wp:post_password>
		<wp:is_sticky>0</wp:is_sticky>
														<wp:postmeta>
		<wp:meta_key><![CDATA[_wp_page_template]]></wp:meta_key>
		<wp:meta_value><![CDATA[default]]></wp:meta_value>
		</wp:postmeta>
							<wp:postmeta>
		<wp:meta_key><![CDATA[_edit_last]]></wp:meta_key>
		<wp:meta_value><![CDATA[1]]></wp:meta_value>
		</wp:postmeta>
							<wp:postmeta>
		<wp:meta_key><![CDATA[phone]]></wp:meta_key>
		<wp:meta_value><![CDATA[+380660211998]]></wp:meta_value>
		</wp:postmeta>
							<wp:postmeta>
		<wp:meta_key><![CDATA[_phone]]></wp:meta_key>
		<wp:meta_value><![CDATA[field_5d53c7a8b0418]]></wp:meta_value>
		</wp:postmeta>
							<wp:postmeta>
		<wp:meta_key><![CDATA[header__location]]></wp:meta_key>
		<wp:meta_value><![CDATA[Украина, г. Кропивницкий, ул. Серова, 25]]></wp:meta_value>
		</wp:postmeta>
							<wp:postmeta>
		<wp:meta_key><![CDATA[_header__location]]></wp:meta_key>
		<wp:meta_value><![CDATA[field_5d53c52ccc603]]></wp:meta_value>
		</wp:postmeta>
							<wp:postmeta>
		<wp:meta_key><![CDATA[header__social]]></wp:meta_key>
		<wp:meta_value><![CDATA[https://www.youtube.com/]]></wp:meta_value>
		</wp:postmeta>
							<wp:postmeta>
		<wp:meta_key><![CDATA[_header__social]]></wp:meta_key>
		<wp:meta_value><![CDATA[field_5d53ca9e3d5bc]]></wp:meta_value>
		</wp:postmeta>
							<wp:postmeta>
		<wp:meta_key><![CDATA[phone-one]]></wp:meta_key>
		<wp:meta_value><![CDATA[+380660211998]]></wp:meta_value>
		</wp:postmeta>
							<wp:postmeta>
		<wp:meta_key><![CDATA[_phone-one]]></wp:meta_key>
		<wp:meta_value><![CDATA[field_5d53c731b0417]]></wp:meta_value>
		</wp:postmeta>
							<wp:postmeta>
		<wp:meta_key><![CDATA[phone-two]]></wp:meta_key>
		<wp:meta_value><![CDATA[+380662767556]]></wp:meta_value>
		</wp:postmeta>
							<wp:postmeta>
		<wp:meta_key><![CDATA[_phone-two]]></wp:meta_key>
		<wp:meta_value><![CDATA[field_5d53c7a8b0418]]></wp:meta_value>
		</wp:postmeta>
							<wp:postmeta>
		<wp:meta_key><![CDATA[header__social-fb]]></wp:meta_key>
		<wp:meta_value><![CDATA[https://www.facebook.com/]]></wp:meta_value>
		</wp:postmeta>
							<wp:postmeta>
		<wp:meta_key><![CDATA[_header__social-fb]]></wp:meta_key>
		<wp:meta_value><![CDATA[field_5d53ca143d5ba]]></wp:meta_value>
		</wp:postmeta>
							<wp:postmeta>
		<wp:meta_key><![CDATA[header__social-inst]]></wp:meta_key>
		<wp:meta_value><![CDATA[https://www.instagram.com/]]></wp:meta_value>
		</wp:postmeta>
							<wp:postmeta>
		<wp:meta_key><![CDATA[_header__social-inst]]></wp:meta_key>
		<wp:meta_value><![CDATA[field_5d53ca613d5bb]]></wp:meta_value>
		</wp:postmeta>
							<wp:postmeta>
		<wp:meta_key><![CDATA[header__social-youtube]]></wp:meta_key>
		<wp:meta_value><![CDATA[https://www.youtube.com/]]></wp:meta_value>
		</wp:postmeta>
							<wp:postmeta>
		<wp:meta_key><![CDATA[_header__social-youtube]]></wp:meta_key>
		<wp:meta_value><![CDATA[field_5d53ca9e3d5bc]]></wp:meta_value>
		</wp:postmeta>
							<wp:postmeta>
		<wp:meta_key><![CDATA[header__logo]]></wp:meta_key>
		<wp:meta_value><![CDATA[35]]></wp:meta_value>
		</wp:postmeta>
							<wp:postmeta>
		<wp:meta_key><![CDATA[_header__logo]]></wp:meta_key>
		<wp:meta_value><![CDATA[field_5d53f4294eb9d]]></wp:meta_value>
		</wp:postmeta>
							<wp:postmeta>
		<wp:meta_key><![CDATA[maxgallery_type]]></wp:meta_key>
		<wp:meta_value><![CDATA[]]></wp:meta_value>
		</wp:postmeta>
							</item>
					<item>
		<title>Главная страница</title>
		<link>http://artjetfly/?post_type=acf-field-group&#038;p=8</link>
		<pubDate>Wed, 14 Aug 2019 08:15:44 +0000</pubDate>
		<dc:creator><![CDATA[artjetfly]]></dc:creator>
		<guid isPermaLink="false">http://artjetfly/?post_type=acf-field-group&#038;p=8</guid>
		<description></description>
		<content:encoded><![CDATA[a:7:{s:8:"location";a:1:{i:0;a:1:{i:0;a:3:{s:5:"param";s:4:"page";s:8:"operator";s:2:"==";s:5:"value";s:1:"2";}}}s:8:"position";s:6:"normal";s:5:"style";s:7:"default";s:15:"label_placement";s:3:"top";s:21:"instruction_placement";s:5:"label";s:14:"hide_on_screen";s:0:"";s:11:"description";s:0:"";}]]></content:encoded>
		<excerpt:encoded><![CDATA[%d0%b3%d0%bb%d0%b0%d0%b2%d0%bd%d0%b0%d1%8f-%d1%81%d1%82%d1%80%d0%b0%d0%bd%d0%b8%d1%86%d0%b0]]></excerpt:encoded>
		<wp:post_id>8</wp:post_id>
		<wp:post_date><![CDATA[2019-08-14 11:15:44]]></wp:post_date>
		<wp:post_date_gmt><![CDATA[2019-08-14 08:15:44]]></wp:post_date_gmt>
		<wp:comment_status><![CDATA[closed]]></wp:comment_status>
		<wp:ping_status><![CDATA[closed]]></wp:ping_status>
		<wp:post_name><![CDATA[group_5d53c0f6143d5]]></wp:post_name>
		<wp:status><![CDATA[publish]]></wp:status>
		<wp:post_parent>0</wp:post_parent>
		<wp:menu_order>0</wp:menu_order>
		<wp:post_type><![CDATA[acf-field-group]]></wp:post_type>
		<wp:post_password><![CDATA[]]></wp:post_password>
		<wp:is_sticky>0</wp:is_sticky>
														<wp:postmeta>
		<wp:meta_key><![CDATA[_edit_last]]></wp:meta_key>
		<wp:meta_value><![CDATA[1]]></wp:meta_value>
		</wp:postmeta>
							</item>
					<item>
		<title>Контакты в шапке</title>
		<link>http://artjetfly/?post_type=acf-field&#038;p=9</link>
		<pubDate>Wed, 14 Aug 2019 08:15:44 +0000</pubDate>
		<dc:creator><![CDATA[artjetfly]]></dc:creator>
		<guid isPermaLink="false">http://artjetfly/?post_type=acf-field&#038;p=9</guid>
		<description></description>
		<content:encoded><![CDATA[a:7:{s:4:"type";s:3:"tab";s:12:"instructions";s:0:"";s:8:"required";i:0;s:17:"conditional_logic";i:0;s:7:"wrapper";a:3:{s:5:"width";s:0:"";s:5:"class";s:0:"";s:2:"id";s:0:"";}s:9:"placement";s:4:"left";s:8:"endpoint";i:0;}]]></content:encoded>
		<excerpt:encoded><![CDATA[контакты_в_шапке]]></excerpt:encoded>
		<wp:post_id>9</wp:post_id>
		<wp:post_date><![CDATA[2019-08-14 11:15:44]]></wp:post_date>
		<wp:post_date_gmt><![CDATA[2019-08-14 08:15:44]]></wp:post_date_gmt>
		<wp:comment_status><![CDATA[closed]]></wp:comment_status>
		<wp:ping_status><![CDATA[closed]]></wp:ping_status>
		<wp:post_name><![CDATA[field_5d53c18dc9479]]></wp:post_name>
		<wp:status><![CDATA[publish]]></wp:status>
		<wp:post_parent>8</wp:post_parent>
		<wp:menu_order>0</wp:menu_order>
		<wp:post_type><![CDATA[acf-field]]></wp:post_type>
		<wp:post_password><![CDATA[]]></wp:post_password>
		<wp:is_sticky>0</wp:is_sticky>
														</item>
					<item>
		<title>Сферы применения</title>
		<link>http://artjetfly/?post_type=acf-field&#038;p=10</link>
		<pubDate>Wed, 14 Aug 2019 08:15:44 +0000</pubDate>
		<dc:creator><![CDATA[artjetfly]]></dc:creator>
		<guid isPermaLink="false">http://artjetfly/?post_type=acf-field&#038;p=10</guid>
		<description></description>
		<content:encoded><![CDATA[a:7:{s:4:"type";s:3:"tab";s:12:"instructions";s:0:"";s:8:"required";i:0;s:17:"conditional_logic";i:0;s:7:"wrapper";a:3:{s:5:"width";s:0:"";s:5:"class";s:0:"";s:2:"id";s:0:"";}s:9:"placement";s:3:"top";s:8:"endpoint";i:0;}]]></content:encoded>
		<excerpt:encoded><![CDATA[сферы_применения]]></excerpt:encoded>
		<wp:post_id>10</wp:post_id>
		<wp:post_date><![CDATA[2019-08-14 11:15:44]]></wp:post_date>
		<wp:post_date_gmt><![CDATA[2019-08-14 08:15:44]]></wp:post_date_gmt>
		<wp:comment_status><![CDATA[closed]]></wp:comment_status>
		<wp:ping_status><![CDATA[closed]]></wp:ping_status>
		<wp:post_name><![CDATA[field_5d53c213c947a]]></wp:post_name>
		<wp:status><![CDATA[publish]]></wp:status>
		<wp:post_parent>8</wp:post_parent>
		<wp:menu_order>8</wp:menu_order>
		<wp:post_type><![CDATA[acf-field]]></wp:post_type>
		<wp:post_password><![CDATA[]]></wp:post_password>
		<wp:is_sticky>0</wp:is_sticky>
														</item>
					<item>
		<title>Наши преимущества</title>
		<link>http://artjetfly/?post_type=acf-field&#038;p=11</link>
		<pubDate>Wed, 14 Aug 2019 08:15:44 +0000</pubDate>
		<dc:creator><![CDATA[artjetfly]]></dc:creator>
		<guid isPermaLink="false">http://artjetfly/?post_type=acf-field&#038;p=11</guid>
		<description></description>
		<content:encoded><![CDATA[a:7:{s:4:"type";s:3:"tab";s:12:"instructions";s:0:"";s:8:"required";i:0;s:17:"conditional_logic";i:0;s:7:"wrapper";a:3:{s:5:"width";s:0:"";s:5:"class";s:0:"";s:2:"id";s:0:"";}s:9:"placement";s:3:"top";s:8:"endpoint";i:0;}]]></content:encoded>
		<excerpt:encoded><![CDATA[наши_преимущества]]></excerpt:encoded>
		<wp:post_id>11</wp:post_id>
		<wp:post_date><![CDATA[2019-08-14 11:15:44]]></wp:post_date>
		<wp:post_date_gmt><![CDATA[2019-08-14 08:15:44]]></wp:post_date_gmt>
		<wp:comment_status><![CDATA[closed]]></wp:comment_status>
		<wp:ping_status><![CDATA[closed]]></wp:ping_status>
		<wp:post_name><![CDATA[field_5d53c262c947b]]></wp:post_name>
		<wp:status><![CDATA[publish]]></wp:status>
		<wp:post_parent>8</wp:post_parent>
		<wp:menu_order>9</wp:menu_order>
		<wp:post_type><![CDATA[acf-field]]></wp:post_type>
		<wp:post_password><![CDATA[]]></wp:post_password>
		<wp:is_sticky>0</wp:is_sticky>
														</item>
					<item>
		<title>Наша продукция</title>
		<link>http://artjetfly/?post_type=acf-field&#038;p=12</link>
		<pubDate>Wed, 14 Aug 2019 08:15:44 +0000</pubDate>
		<dc:creator><![CDATA[artjetfly]]></dc:creator>
		<guid isPermaLink="false">http://artjetfly/?post_type=acf-field&#038;p=12</guid>
		<description></description>
		<content:encoded><![CDATA[a:7:{s:4:"type";s:3:"tab";s:12:"instructions";s:0:"";s:8:"required";i:0;s:17:"conditional_logic";i:0;s:7:"wrapper";a:3:{s:5:"width";s:0:"";s:5:"class";s:0:"";s:2:"id";s:0:"";}s:9:"placement";s:3:"top";s:8:"endpoint";i:0;}]]></content:encoded>
		<excerpt:encoded><![CDATA[наша_продукция]]></excerpt:encoded>
		<wp:post_id>12</wp:post_id>
		<wp:post_date><![CDATA[2019-08-14 11:15:44]]></wp:post_date>
		<wp:post_date_gmt><![CDATA[2019-08-14 08:15:44]]></wp:post_date_gmt>
		<wp:comment_status><![CDATA[closed]]></wp:comment_status>
		<wp:ping_status><![CDATA[closed]]></wp:ping_status>
		<wp:post_name><![CDATA[field_5d53c2d0c947c]]></wp:post_name>
		<wp:status><![CDATA[publish]]></wp:status>
		<wp:post_parent>8</wp:post_parent>
		<wp:menu_order>10</wp:menu_order>
		<wp:post_type><![CDATA[acf-field]]></wp:post_type>
		<wp:post_password><![CDATA[]]></wp:post_password>
		<wp:is_sticky>0</wp:is_sticky>
														</item>
					<item>
		<title>Наше видео</title>
		<link>http://artjetfly/?post_type=acf-field&#038;p=13</link>
		<pubDate>Wed, 14 Aug 2019 08:15:44 +0000</pubDate>
		<dc:creator><![CDATA[artjetfly]]></dc:creator>
		<guid isPermaLink="false">http://artjetfly/?post_type=acf-field&#038;p=13</guid>
		<description></description>
		<content:encoded><![CDATA[a:7:{s:4:"type";s:3:"tab";s:12:"instructions";s:0:"";s:8:"required";i:0;s:17:"conditional_logic";i:0;s:7:"wrapper";a:3:{s:5:"width";s:0:"";s:5:"class";s:0:"";s:2:"id";s:0:"";}s:9:"placement";s:3:"top";s:8:"endpoint";i:0;}]]></content:encoded>
		<excerpt:encoded><![CDATA[наше_видео]]></excerpt:encoded>
		<wp:post_id>13</wp:post_id>
		<wp:post_date><![CDATA[2019-08-14 11:15:44]]></wp:post_date>
		<wp:post_date_gmt><![CDATA[2019-08-14 08:15:44]]></wp:post_date_gmt>
		<wp:comment_status><![CDATA[closed]]></wp:comment_status>
		<wp:ping_status><![CDATA[closed]]></wp:ping_status>
		<wp:post_name><![CDATA[field_5d53c2e3c947d]]></wp:post_name>
		<wp:status><![CDATA[publish]]></wp:status>
		<wp:post_parent>8</wp:post_parent>
		<wp:menu_order>11</wp:menu_order>
		<wp:post_type><![CDATA[acf-field]]></wp:post_type>
		<wp:post_password><![CDATA[]]></wp:post_password>
		<wp:is_sticky>0</wp:is_sticky>
														</item>
					<item>
		<title>Карта</title>
		<link>http://artjetfly/?post_type=acf-field&#038;p=14</link>
		<pubDate>Wed, 14 Aug 2019 08:15:44 +0000</pubDate>
		<dc:creator><![CDATA[artjetfly]]></dc:creator>
		<guid isPermaLink="false">http://artjetfly/?post_type=acf-field&#038;p=14</guid>
		<description></description>
		<content:encoded><![CDATA[a:7:{s:4:"type";s:3:"tab";s:12:"instructions";s:0:"";s:8:"required";i:0;s:17:"conditional_logic";i:0;s:7:"wrapper";a:3:{s:5:"width";s:0:"";s:5:"class";s:0:"";s:2:"id";s:0:"";}s:9:"placement";s:3:"top";s:8:"endpoint";i:0;}]]></content:encoded>
		<excerpt:encoded><![CDATA[карта]]></excerpt:encoded>
		<wp:post_id>14</wp:post_id>
		<wp:post_date><![CDATA[2019-08-14 11:15:44]]></wp:post_date>
		<wp:post_date_gmt><![CDATA[2019-08-14 08:15:44]]></wp:post_date_gmt>
		<wp:comment_status><![CDATA[closed]]></wp:comment_status>
		<wp:ping_status><![CDATA[closed]]></wp:ping_status>
		<wp:post_name><![CDATA[field_5d53c300c947e]]></wp:post_name>
		<wp:status><![CDATA[publish]]></wp:status>
		<wp:post_parent>8</wp:post_parent>
		<wp:menu_order>12</wp:menu_order>
		<wp:post_type><![CDATA[acf-field]]></wp:post_type>
		<wp:post_password><![CDATA[]]></wp:post_password>
		<wp:is_sticky>0</wp:is_sticky>
														</item>
					<item>
		<title>Подвал сайта (контакты)</title>
		<link>http://artjetfly/?post_type=acf-field&#038;p=15</link>
		<pubDate>Wed, 14 Aug 2019 08:15:44 +0000</pubDate>
		<dc:creator><![CDATA[artjetfly]]></dc:creator>
		<guid isPermaLink="false">http://artjetfly/?post_type=acf-field&#038;p=15</guid>
		<description></description>
		<content:encoded><![CDATA[a:7:{s:4:"type";s:3:"tab";s:12:"instructions";s:0:"";s:8:"required";i:0;s:17:"conditional_logic";i:0;s:7:"wrapper";a:3:{s:5:"width";s:0:"";s:5:"class";s:0:"";s:2:"id";s:0:"";}s:9:"placement";s:3:"top";s:8:"endpoint";i:0;}]]></content:encoded>
		<excerpt:encoded><![CDATA[подвал_сайта_контакты]]></excerpt:encoded>
		<wp:post_id>15</wp:post_id>
		<wp:post_date><![CDATA[2019-08-14 11:15:44]]></wp:post_date>
		<wp:post_date_gmt><![CDATA[2019-08-14 08:15:44]]></wp:post_date_gmt>
		<wp:comment_status><![CDATA[closed]]></wp:comment_status>
		<wp:ping_status><![CDATA[closed]]></wp:ping_status>
		<wp:post_name><![CDATA[field_5d53c315c947f]]></wp:post_name>
		<wp:status><![CDATA[publish]]></wp:status>
		<wp:post_parent>8</wp:post_parent>
		<wp:menu_order>13</wp:menu_order>
		<wp:post_type><![CDATA[acf-field]]></wp:post_type>
		<wp:post_password><![CDATA[]]></wp:post_password>
		<wp:is_sticky>0</wp:is_sticky>
														</item>
					<item>
		<title>Адрес компании</title>
		<link>http://artjetfly/?post_type=acf-field&#038;p=19</link>
		<pubDate>Wed, 14 Aug 2019 08:27:01 +0000</pubDate>
		<dc:creator><![CDATA[artjetfly]]></dc:creator>
		<guid isPermaLink="false">http://artjetfly/?post_type=acf-field&#038;p=19</guid>
		<description></description>
		<content:encoded><![CDATA[a:7:{s:4:"type";s:3:"url";s:12:"instructions";s:42:"Введите адрес компании";s:8:"required";i:1;s:17:"conditional_logic";i:0;s:7:"wrapper";a:3:{s:5:"width";s:0:"";s:5:"class";s:0:"";s:2:"id";s:0:"";}s:13:"default_value";s:0:"";s:11:"placeholder";s:0:"";}]]></content:encoded>
		<excerpt:encoded><![CDATA[header__location]]></excerpt:encoded>
		<wp:post_id>19</wp:post_id>
		<wp:post_date><![CDATA[2019-08-14 11:27:01]]></wp:post_date>
		<wp:post_date_gmt><![CDATA[2019-08-14 08:27:01]]></wp:post_date_gmt>
		<wp:comment_status><![CDATA[closed]]></wp:comment_status>
		<wp:ping_status><![CDATA[closed]]></wp:ping_status>
		<wp:post_name><![CDATA[field_5d53c52ccc603]]></wp:post_name>
		<wp:status><![CDATA[publish]]></wp:status>
		<wp:post_parent>8</wp:post_parent>
		<wp:menu_order>3</wp:menu_order>
		<wp:post_type><![CDATA[acf-field]]></wp:post_type>
		<wp:post_password><![CDATA[]]></wp:post_password>
		<wp:is_sticky>0</wp:is_sticky>
														</item>
					<item>
		<title>Первый телефон</title>
		<link>http://artjetfly/?post_type=acf-field&#038;p=20</link>
		<pubDate>Wed, 14 Aug 2019 08:36:20 +0000</pubDate>
		<dc:creator><![CDATA[artjetfly]]></dc:creator>
		<guid isPermaLink="false">http://artjetfly/?post_type=acf-field&#038;p=20</guid>
		<description></description>
		<content:encoded><![CDATA[a:7:{s:4:"type";s:3:"url";s:12:"instructions";s:88:"Введите первый номер телефона в формате: +380671234567";s:8:"required";i:1;s:17:"conditional_logic";i:0;s:7:"wrapper";a:3:{s:5:"width";s:0:"";s:5:"class";s:0:"";s:2:"id";s:0:"";}s:13:"default_value";s:0:"";s:11:"placeholder";s:0:"";}]]></content:encoded>
		<excerpt:encoded><![CDATA[phone-one]]></excerpt:encoded>
		<wp:post_id>20</wp:post_id>
		<wp:post_date><![CDATA[2019-08-14 11:36:20]]></wp:post_date>
		<wp:post_date_gmt><![CDATA[2019-08-14 08:36:20]]></wp:post_date_gmt>
		<wp:comment_status><![CDATA[closed]]></wp:comment_status>
		<wp:ping_status><![CDATA[closed]]></wp:ping_status>
		<wp:post_name><![CDATA[field_5d53c731b0417]]></wp:post_name>
		<wp:status><![CDATA[publish]]></wp:status>
		<wp:post_parent>8</wp:post_parent>
		<wp:menu_order>1</wp:menu_order>
		<wp:post_type><![CDATA[acf-field]]></wp:post_type>
		<wp:post_password><![CDATA[]]></wp:post_password>
		<wp:is_sticky>0</wp:is_sticky>
														</item>
					<item>
		<title>Второй телефон</title>
		<link>http://artjetfly/?post_type=acf-field&#038;p=21</link>
		<pubDate>Wed, 14 Aug 2019 08:36:20 +0000</pubDate>
		<dc:creator><![CDATA[artjetfly]]></dc:creator>
		<guid isPermaLink="false">http://artjetfly/?post_type=acf-field&#038;p=21</guid>
		<description></description>
		<content:encoded><![CDATA[a:7:{s:4:"type";s:3:"url";s:12:"instructions";s:55:"Введите второй номер телефона";s:8:"required";i:1;s:17:"conditional_logic";i:0;s:7:"wrapper";a:3:{s:5:"width";s:0:"";s:5:"class";s:0:"";s:2:"id";s:0:"";}s:13:"default_value";s:0:"";s:11:"placeholder";s:0:"";}]]></content:encoded>
		<excerpt:encoded><![CDATA[phone-two]]></excerpt:encoded>
		<wp:post_id>21</wp:post_id>
		<wp:post_date><![CDATA[2019-08-14 11:36:20]]></wp:post_date>
		<wp:post_date_gmt><![CDATA[2019-08-14 08:36:20]]></wp:post_date_gmt>
		<wp:comment_status><![CDATA[closed]]></wp:comment_status>
		<wp:ping_status><![CDATA[closed]]></wp:ping_status>
		<wp:post_name><![CDATA[field_5d53c7a8b0418]]></wp:post_name>
		<wp:status><![CDATA[publish]]></wp:status>
		<wp:post_parent>8</wp:post_parent>
		<wp:menu_order>2</wp:menu_order>
		<wp:post_type><![CDATA[acf-field]]></wp:post_type>
		<wp:post_password><![CDATA[]]></wp:post_password>
		<wp:is_sticky>0</wp:is_sticky>
														</item>
					<item>
		<title>Facebook</title>
		<link>http://artjetfly/?post_type=acf-field&#038;p=22</link>
		<pubDate>Wed, 14 Aug 2019 08:48:20 +0000</pubDate>
		<dc:creator><![CDATA[artjetfly]]></dc:creator>
		<guid isPermaLink="false">http://artjetfly/?post_type=acf-field&#038;p=22</guid>
		<description></description>
		<content:encoded><![CDATA[a:7:{s:4:"type";s:3:"url";s:12:"instructions";s:68:"Вставьте ссылку на Ваш профиль в Facebook";s:8:"required";i:1;s:17:"conditional_logic";i:0;s:7:"wrapper";a:3:{s:5:"width";s:0:"";s:5:"class";s:0:"";s:2:"id";s:0:"";}s:13:"default_value";s:0:"";s:11:"placeholder";s:0:"";}]]></content:encoded>
		<excerpt:encoded><![CDATA[header__social-fb]]></excerpt:encoded>
		<wp:post_id>22</wp:post_id>
		<wp:post_date><![CDATA[2019-08-14 11:48:20]]></wp:post_date>
		<wp:post_date_gmt><![CDATA[2019-08-14 08:48:20]]></wp:post_date_gmt>
		<wp:comment_status><![CDATA[closed]]></wp:comment_status>
		<wp:ping_status><![CDATA[closed]]></wp:ping_status>
		<wp:post_name><![CDATA[field_5d53ca143d5ba]]></wp:post_name>
		<wp:status><![CDATA[publish]]></wp:status>
		<wp:post_parent>8</wp:post_parent>
		<wp:menu_order>4</wp:menu_order>
		<wp:post_type><![CDATA[acf-field]]></wp:post_type>
		<wp:post_password><![CDATA[]]></wp:post_password>
		<wp:is_sticky>0</wp:is_sticky>
														</item>
					<item>
		<title>Instagram</title>
		<link>http://artjetfly/?post_type=acf-field&#038;p=23</link>
		<pubDate>Wed, 14 Aug 2019 08:48:20 +0000</pubDate>
		<dc:creator><![CDATA[artjetfly]]></dc:creator>
		<guid isPermaLink="false">http://artjetfly/?post_type=acf-field&#038;p=23</guid>
		<description></description>
		<content:encoded><![CDATA[a:7:{s:4:"type";s:3:"url";s:12:"instructions";s:69:"Вставьте ссылку на Ваш профиль в Instagram";s:8:"required";i:1;s:17:"conditional_logic";i:0;s:7:"wrapper";a:3:{s:5:"width";s:0:"";s:5:"class";s:0:"";s:2:"id";s:0:"";}s:13:"default_value";s:0:"";s:11:"placeholder";s:0:"";}]]></content:encoded>
		<excerpt:encoded><![CDATA[header__social-inst]]></excerpt:encoded>
		<wp:post_id>23</wp:post_id>
		<wp:post_date><![CDATA[2019-08-14 11:48:20]]></wp:post_date>
		<wp:post_date_gmt><![CDATA[2019-08-14 08:48:20]]></wp:post_date_gmt>
		<wp:comment_status><![CDATA[closed]]></wp:comment_status>
		<wp:ping_status><![CDATA[closed]]></wp:ping_status>
		<wp:post_name><![CDATA[field_5d53ca613d5bb]]></wp:post_name>
		<wp:status><![CDATA[publish]]></wp:status>
		<wp:post_parent>8</wp:post_parent>
		<wp:menu_order>5</wp:menu_order>
		<wp:post_type><![CDATA[acf-field]]></wp:post_type>
		<wp:post_password><![CDATA[]]></wp:post_password>
		<wp:is_sticky>0</wp:is_sticky>
														</item>
					<item>
		<title>Youtube</title>
		<link>http://artjetfly/?post_type=acf-field&#038;p=24</link>
		<pubDate>Wed, 14 Aug 2019 08:48:20 +0000</pubDate>
		<dc:creator><![CDATA[artjetfly]]></dc:creator>
		<guid isPermaLink="false">http://artjetfly/?post_type=acf-field&#038;p=24</guid>
		<description></description>
		<content:encoded><![CDATA[a:7:{s:4:"type";s:3:"url";s:12:"instructions";s:65:"Вставьте ссылку на Ваш канал на Youtube";s:8:"required";i:1;s:17:"conditional_logic";i:0;s:7:"wrapper";a:3:{s:5:"width";s:0:"";s:5:"class";s:0:"";s:2:"id";s:0:"";}s:13:"default_value";s:0:"";s:11:"placeholder";s:0:"";}]]></content:encoded>
		<excerpt:encoded><![CDATA[header__social-youtube]]></excerpt:encoded>
		<wp:post_id>24</wp:post_id>
		<wp:post_date><![CDATA[2019-08-14 11:48:20]]></wp:post_date>
		<wp:post_date_gmt><![CDATA[2019-08-14 08:48:20]]></wp:post_date_gmt>
		<wp:comment_status><![CDATA[closed]]></wp:comment_status>
		<wp:ping_status><![CDATA[closed]]></wp:ping_status>
		<wp:post_name><![CDATA[field_5d53ca9e3d5bc]]></wp:post_name>
		<wp:status><![CDATA[publish]]></wp:status>
		<wp:post_parent>8</wp:post_parent>
		<wp:menu_order>6</wp:menu_order>
		<wp:post_type><![CDATA[acf-field]]></wp:post_type>
		<wp:post_password><![CDATA[]]></wp:post_password>
		<wp:is_sticky>0</wp:is_sticky>
														</item>
					<item>
		<title>Логотип (в шапке)</title>
		<link>http://artjetfly/?post_type=acf-field&#038;p=34</link>
		<pubDate>Wed, 14 Aug 2019 11:49:39 +0000</pubDate>
		<dc:creator><![CDATA[artjetfly]]></dc:creator>
		<guid isPermaLink="false">http://artjetfly/?post_type=acf-field&#038;p=34</guid>
		<description></description>
		<content:encoded><![CDATA[a:15:{s:4:"type";s:5:"image";s:12:"instructions";s:78:"Размер изображения: Ширина - 100px; Высота - 50px";s:8:"required";i:1;s:17:"conditional_logic";i:0;s:7:"wrapper";a:3:{s:5:"width";s:0:"";s:5:"class";s:0:"";s:2:"id";s:0:"";}s:13:"return_format";s:3:"url";s:12:"preview_size";s:4:"full";s:7:"library";s:3:"all";s:9:"min_width";s:0:"";s:10:"min_height";s:0:"";s:8:"min_size";s:0:"";s:9:"max_width";s:0:"";s:10:"max_height";s:0:"";s:8:"max_size";s:0:"";s:10:"mime_types";s:0:"";}]]></content:encoded>
		<excerpt:encoded><![CDATA[header__logo]]></excerpt:encoded>
		<wp:post_id>34</wp:post_id>
		<wp:post_date><![CDATA[2019-08-14 14:49:39]]></wp:post_date>
		<wp:post_date_gmt><![CDATA[2019-08-14 11:49:39]]></wp:post_date_gmt>
		<wp:comment_status><![CDATA[closed]]></wp:comment_status>
		<wp:ping_status><![CDATA[closed]]></wp:ping_status>
		<wp:post_name><![CDATA[field_5d53f4294eb9d]]></wp:post_name>
		<wp:status><![CDATA[publish]]></wp:status>
		<wp:post_parent>8</wp:post_parent>
		<wp:menu_order>7</wp:menu_order>
		<wp:post_type><![CDATA[acf-field]]></wp:post_type>
		<wp:post_password><![CDATA[]]></wp:post_password>
		<wp:is_sticky>0</wp:is_sticky>
														</item>
					<item>
		<title>logo-blue</title>
		<link>http://artjetfly/sample-page/logo-blue/</link>
		<pubDate>Wed, 14 Aug 2019 12:01:27 +0000</pubDate>
		<dc:creator><![CDATA[artjetfly]]></dc:creator>
		<guid isPermaLink="false">http://artjetfly/wp-content/uploads/2019/08/logo-blue.png</guid>
		<description></description>
		<content:encoded><![CDATA[]]></content:encoded>
		<excerpt:encoded><![CDATA[]]></excerpt:encoded>
		<wp:post_id>35</wp:post_id>
		<wp:post_date><![CDATA[2019-08-14 15:01:27]]></wp:post_date>
		<wp:post_date_gmt><![CDATA[2019-08-14 12:01:27]]></wp:post_date_gmt>
		<wp:comment_status><![CDATA[open]]></wp:comment_status>
		<wp:ping_status><![CDATA[closed]]></wp:ping_status>
		<wp:post_name><![CDATA[logo-blue]]></wp:post_name>
		<wp:status><![CDATA[inherit]]></wp:status>
		<wp:post_parent>2</wp:post_parent>
		<wp:menu_order>0</wp:menu_order>
		<wp:post_type><![CDATA[attachment]]></wp:post_type>
		<wp:post_password><![CDATA[]]></wp:post_password>
		<wp:is_sticky>0</wp:is_sticky>
						<wp:attachment_url><![CDATA[http://artjetfly/wp-content/uploads/2019/08/logo-blue.png]]></wp:attachment_url>
											<wp:postmeta>
		<wp:meta_key><![CDATA[_wp_attached_file]]></wp:meta_key>
		<wp:meta_value><![CDATA[2019/08/logo-blue.png]]></wp:meta_value>
		</wp:postmeta>
							<wp:postmeta>
		<wp:meta_key><![CDATA[_wp_attachment_metadata]]></wp:meta_key>
		<wp:meta_value><![CDATA[a:5:{s:5:"width";i:100;s:6:"height";i:50;s:4:"file";s:21:"2019/08/logo-blue.png";s:5:"sizes";a:0:{}s:10:"image_meta";a:12:{s:8:"aperture";s:1:"0";s:6:"credit";s:0:"";s:6:"camera";s:0:"";s:7:"caption";s:0:"";s:17:"created_timestamp";s:1:"0";s:9:"copyright";s:0:"";s:12:"focal_length";s:1:"0";s:3:"iso";s:1:"0";s:13:"shutter_speed";s:1:"0";s:5:"title";s:0:"";s:11:"orientation";s:1:"0";s:8:"keywords";a:0:{}}}]]></wp:meta_value>
		</wp:postmeta>
							</item>
					<item>
		<title>bg-1</title>
		<link>http://artjetfly/bg-1-2/</link>
		<pubDate>Wed, 14 Aug 2019 12:17:56 +0000</pubDate>
		<dc:creator><![CDATA[artjetfly]]></dc:creator>
		<guid isPermaLink="false">http://artjetfly/wp-content/uploads/2019/08/bg-1.jpg</guid>
		<description></description>
		<content:encoded><![CDATA[]]></content:encoded>
		<excerpt:encoded><![CDATA[]]></excerpt:encoded>
		<wp:post_id>44</wp:post_id>
		<wp:post_date><![CDATA[2019-08-14 15:17:56]]></wp:post_date>
		<wp:post_date_gmt><![CDATA[2019-08-14 12:17:56]]></wp:post_date_gmt>
		<wp:comment_status><![CDATA[open]]></wp:comment_status>
		<wp:ping_status><![CDATA[closed]]></wp:ping_status>
		<wp:post_name><![CDATA[bg-1-2]]></wp:post_name>
		<wp:status><![CDATA[inherit]]></wp:status>
		<wp:post_parent>40</wp:post_parent>
		<wp:menu_order>1</wp:menu_order>
		<wp:post_type><![CDATA[attachment]]></wp:post_type>
		<wp:post_password><![CDATA[]]></wp:post_password>
		<wp:is_sticky>0</wp:is_sticky>
						<wp:attachment_url><![CDATA[http://artjetfly/wp-content/uploads/2019/08/bg-1.jpg]]></wp:attachment_url>
											<wp:postmeta>
		<wp:meta_key><![CDATA[_wp_attached_file]]></wp:meta_key>
		<wp:meta_value><![CDATA[2019/08/bg-1.jpg]]></wp:meta_value>
		</wp:postmeta>
							<wp:postmeta>
		<wp:meta_key><![CDATA[_wp_attachment_metadata]]></wp:meta_key>
		<wp:meta_value><![CDATA[a:5:{s:5:"width";i:1920;s:6:"height";i:1080;s:4:"file";s:16:"2019/08/bg-1.jpg";s:5:"sizes";a:10:{s:9:"thumbnail";a:4:{s:4:"file";s:16:"bg-1-150x150.jpg";s:5:"width";i:150;s:6:"height";i:150;s:9:"mime-type";s:10:"image/jpeg";}s:6:"medium";a:4:{s:4:"file";s:16:"bg-1-300x169.jpg";s:5:"width";i:300;s:6:"height";i:169;s:9:"mime-type";s:10:"image/jpeg";}s:12:"medium_large";a:4:{s:4:"file";s:16:"bg-1-768x432.jpg";s:5:"width";i:768;s:6:"height";i:432;s:9:"mime-type";s:10:"image/jpeg";}s:5:"large";a:4:{s:4:"file";s:17:"bg-1-1024x576.jpg";s:5:"width";i:1024;s:6:"height";i:576;s:9:"mime-type";s:10:"image/jpeg";}s:33:"maxgallery-meta-image-thumb-small";a:4:{s:4:"file";s:16:"bg-1-100x100.jpg";s:5:"width";i:100;s:6:"height";i:100;s:9:"mime-type";s:10:"image/jpeg";}s:34:"maxgallery-meta-image-thumb-medium";a:4:{s:4:"file";s:16:"bg-1-150x150.jpg";s:5:"width";i:150;s:6:"height";i:150;s:9:"mime-type";s:10:"image/jpeg";}s:33:"maxgallery-meta-image-thumb-large";a:4:{s:4:"file";s:16:"bg-1-200x200.jpg";s:5:"width";i:200;s:6:"height";i:200;s:9:"mime-type";s:10:"image/jpeg";}s:33:"maxgallery-meta-video-thumb-small";a:4:{s:4:"file";s:16:"bg-1-150x100.jpg";s:5:"width";i:150;s:6:"height";i:100;s:9:"mime-type";s:10:"image/jpeg";}s:34:"maxgallery-meta-video-thumb-medium";a:4:{s:4:"file";s:16:"bg-1-200x133.jpg";s:5:"width";i:200;s:6:"height";i:133;s:9:"mime-type";s:10:"image/jpeg";}s:33:"maxgallery-meta-video-thumb-large";a:4:{s:4:"file";s:16:"bg-1-250x166.jpg";s:5:"width";i:250;s:6:"height";i:166;s:9:"mime-type";s:10:"image/jpeg";}}s:10:"image_meta";a:12:{s:8:"aperture";s:1:"0";s:6:"credit";s:0:"";s:6:"camera";s:0:"";s:7:"caption";s:0:"";s:17:"created_timestamp";s:1:"0";s:9:"copyright";s:27:"francois rigaud photography";s:12:"focal_length";s:1:"0";s:3:"iso";s:1:"0";s:13:"shutter_speed";s:1:"0";s:5:"title";s:0:"";s:11:"orientation";s:1:"0";s:8:"keywords";a:0:{}}}]]></wp:meta_value>
		</wp:postmeta>
							</item>
					<item>
		<title>bg-3</title>
		<link>http://artjetfly/bg-3-2/</link>
		<pubDate>Wed, 14 Aug 2019 12:18:00 +0000</pubDate>
		<dc:creator><![CDATA[artjetfly]]></dc:creator>
		<guid isPermaLink="false">http://artjetfly/wp-content/uploads/2019/08/bg-3.jpg</guid>
		<description></description>
		<content:encoded><![CDATA[]]></content:encoded>
		<excerpt:encoded><![CDATA[]]></excerpt:encoded>
		<wp:post_id>46</wp:post_id>
		<wp:post_date><![CDATA[2019-08-14 15:18:00]]></wp:post_date>
		<wp:post_date_gmt><![CDATA[2019-08-14 12:18:00]]></wp:post_date_gmt>
		<wp:comment_status><![CDATA[open]]></wp:comment_status>
		<wp:ping_status><![CDATA[closed]]></wp:ping_status>
		<wp:post_name><![CDATA[bg-3-2]]></wp:post_name>
		<wp:status><![CDATA[inherit]]></wp:status>
		<wp:post_parent>40</wp:post_parent>
		<wp:menu_order>3</wp:menu_order>
		<wp:post_type><![CDATA[attachment]]></wp:post_type>
		<wp:post_password><![CDATA[]]></wp:post_password>
		<wp:is_sticky>0</wp:is_sticky>
						<wp:attachment_url><![CDATA[http://artjetfly/wp-content/uploads/2019/08/bg-3.jpg]]></wp:attachment_url>
											<wp:postmeta>
		<wp:meta_key><![CDATA[_wp_attached_file]]></wp:meta_key>
		<wp:meta_value><![CDATA[2019/08/bg-3.jpg]]></wp:meta_value>
		</wp:postmeta>
							<wp:postmeta>
		<wp:meta_key><![CDATA[_wp_attachment_metadata]]></wp:meta_key>
		<wp:meta_value><![CDATA[a:5:{s:5:"width";i:1920;s:6:"height";i:1080;s:4:"file";s:16:"2019/08/bg-3.jpg";s:5:"sizes";a:10:{s:9:"thumbnail";a:4:{s:4:"file";s:16:"bg-3-150x150.jpg";s:5:"width";i:150;s:6:"height";i:150;s:9:"mime-type";s:10:"image/jpeg";}s:6:"medium";a:4:{s:4:"file";s:16:"bg-3-300x169.jpg";s:5:"width";i:300;s:6:"height";i:169;s:9:"mime-type";s:10:"image/jpeg";}s:12:"medium_large";a:4:{s:4:"file";s:16:"bg-3-768x432.jpg";s:5:"width";i:768;s:6:"height";i:432;s:9:"mime-type";s:10:"image/jpeg";}s:5:"large";a:4:{s:4:"file";s:17:"bg-3-1024x576.jpg";s:5:"width";i:1024;s:6:"height";i:576;s:9:"mime-type";s:10:"image/jpeg";}s:33:"maxgallery-meta-image-thumb-small";a:4:{s:4:"file";s:16:"bg-3-100x100.jpg";s:5:"width";i:100;s:6:"height";i:100;s:9:"mime-type";s:10:"image/jpeg";}s:34:"maxgallery-meta-image-thumb-medium";a:4:{s:4:"file";s:16:"bg-3-150x150.jpg";s:5:"width";i:150;s:6:"height";i:150;s:9:"mime-type";s:10:"image/jpeg";}s:33:"maxgallery-meta-image-thumb-large";a:4:{s:4:"file";s:16:"bg-3-200x200.jpg";s:5:"width";i:200;s:6:"height";i:200;s:9:"mime-type";s:10:"image/jpeg";}s:33:"maxgallery-meta-video-thumb-small";a:4:{s:4:"file";s:16:"bg-3-150x100.jpg";s:5:"width";i:150;s:6:"height";i:100;s:9:"mime-type";s:10:"image/jpeg";}s:34:"maxgallery-meta-video-thumb-medium";a:4:{s:4:"file";s:16:"bg-3-200x133.jpg";s:5:"width";i:200;s:6:"height";i:133;s:9:"mime-type";s:10:"image/jpeg";}s:33:"maxgallery-meta-video-thumb-large";a:4:{s:4:"file";s:16:"bg-3-250x166.jpg";s:5:"width";i:250;s:6:"height";i:166;s:9:"mime-type";s:10:"image/jpeg";}}s:10:"image_meta";a:12:{s:8:"aperture";s:1:"0";s:6:"credit";s:0:"";s:6:"camera";s:0:"";s:7:"caption";s:0:"";s:17:"created_timestamp";s:1:"0";s:9:"copyright";s:0:"";s:12:"focal_length";s:1:"0";s:3:"iso";s:1:"0";s:13:"shutter_speed";s:1:"0";s:5:"title";s:0:"";s:11:"orientation";s:1:"0";s:8:"keywords";a:0:{}}}]]></wp:meta_value>
		</wp:postmeta>
							</item>
					<item>
		<title>bg-2</title>
		<link>http://artjetfly/bg-2/</link>
		<pubDate>Wed, 14 Aug 2019 14:40:22 +0000</pubDate>
		<dc:creator><![CDATA[artjetfly]]></dc:creator>
		<guid isPermaLink="false">http://artjetfly/wp-content/uploads/2019/08/bg-2.jpg</guid>
		<description></description>
		<content:encoded><![CDATA[]]></content:encoded>
		<excerpt:encoded><![CDATA[]]></excerpt:encoded>
		<wp:post_id>59</wp:post_id>
		<wp:post_date><![CDATA[2019-08-14 17:40:22]]></wp:post_date>
		<wp:post_date_gmt><![CDATA[2019-08-14 14:40:22]]></wp:post_date_gmt>
		<wp:comment_status><![CDATA[open]]></wp:comment_status>
		<wp:ping_status><![CDATA[closed]]></wp:ping_status>
		<wp:post_name><![CDATA[bg-2]]></wp:post_name>
		<wp:status><![CDATA[inherit]]></wp:status>
		<wp:post_parent>0</wp:post_parent>
		<wp:menu_order>0</wp:menu_order>
		<wp:post_type><![CDATA[attachment]]></wp:post_type>
		<wp:post_password><![CDATA[]]></wp:post_password>
		<wp:is_sticky>0</wp:is_sticky>
						<wp:attachment_url><![CDATA[http://artjetfly/wp-content/uploads/2019/08/bg-2.jpg]]></wp:attachment_url>
											<wp:postmeta>
		<wp:meta_key><![CDATA[_wp_attached_file]]></wp:meta_key>
		<wp:meta_value><![CDATA[2019/08/bg-2.jpg]]></wp:meta_value>
		</wp:postmeta>
							<wp:postmeta>
		<wp:meta_key><![CDATA[_wp_attachment_metadata]]></wp:meta_key>
		<wp:meta_value><![CDATA[a:5:{s:5:"width";i:1920;s:6:"height";i:1080;s:4:"file";s:16:"2019/08/bg-2.jpg";s:5:"sizes";a:4:{s:9:"thumbnail";a:4:{s:4:"file";s:16:"bg-2-150x150.jpg";s:5:"width";i:150;s:6:"height";i:150;s:9:"mime-type";s:10:"image/jpeg";}s:6:"medium";a:4:{s:4:"file";s:16:"bg-2-300x169.jpg";s:5:"width";i:300;s:6:"height";i:169;s:9:"mime-type";s:10:"image/jpeg";}s:12:"medium_large";a:4:{s:4:"file";s:16:"bg-2-768x432.jpg";s:5:"width";i:768;s:6:"height";i:432;s:9:"mime-type";s:10:"image/jpeg";}s:5:"large";a:4:{s:4:"file";s:17:"bg-2-1024x576.jpg";s:5:"width";i:1024;s:6:"height";i:576;s:9:"mime-type";s:10:"image/jpeg";}}s:10:"image_meta";a:12:{s:8:"aperture";s:1:"0";s:6:"credit";s:0:"";s:6:"camera";s:0:"";s:7:"caption";s:0:"";s:17:"created_timestamp";s:1:"0";s:9:"copyright";s:0:"";s:12:"focal_length";s:1:"0";s:3:"iso";s:1:"0";s:13:"shutter_speed";s:1:"0";s:5:"title";s:0:"";s:11:"orientation";s:1:"0";s:8:"keywords";a:0:{}}}]]></wp:meta_value>
		</wp:postmeta>
							</item>
					<item>
		<title>Привет, мир!</title>
		<link>http://artjetfly/2019/08/13/%d0%bf%d1%80%d0%b8%d0%b2%d0%b5%d1%82-%d0%bc%d0%b8%d1%80/</link>
		<pubDate>Tue, 13 Aug 2019 14:38:55 +0000</pubDate>
		<dc:creator><![CDATA[artjetfly]]></dc:creator>
		<guid isPermaLink="false">http://artjetfly/?p=1</guid>
		<description></description>
		<content:encoded><![CDATA[<!-- wp:paragraph -->
<p>Добро пожаловать в WordPress. Это ваша первая запись. Отредактируйте или удалите ее, затем начинайте создавать!</p>
<!-- /wp:paragraph -->]]></content:encoded>
		<excerpt:encoded><![CDATA[]]></excerpt:encoded>
		<wp:post_id>1</wp:post_id>
		<wp:post_date><![CDATA[2019-08-13 17:38:55]]></wp:post_date>
		<wp:post_date_gmt><![CDATA[2019-08-13 14:38:55]]></wp:post_date_gmt>
		<wp:comment_status><![CDATA[open]]></wp:comment_status>
		<wp:ping_status><![CDATA[open]]></wp:ping_status>
		<wp:post_name><![CDATA[%d0%bf%d1%80%d0%b8%d0%b2%d0%b5%d1%82-%d0%bc%d0%b8%d1%80]]></wp:post_name>
		<wp:status><![CDATA[publish]]></wp:status>
		<wp:post_parent>0</wp:post_parent>
		<wp:menu_order>0</wp:menu_order>
		<wp:post_type><![CDATA[post]]></wp:post_type>
		<wp:post_password><![CDATA[]]></wp:post_password>
		<wp:is_sticky>0</wp:is_sticky>
										<category domain="category" nicename="%d0%b1%d0%b5%d0%b7-%d1%80%d1%83%d0%b1%d1%80%d0%b8%d0%ba%d0%b8"><![CDATA[Без рубрики]]></category>
						<wp:comment>
			<wp:comment_id>1</wp:comment_id>
			<wp:comment_author><![CDATA[Автор комментария]]></wp:comment_author>
			<wp:comment_author_email><![CDATA[wapuu@wordpress.example]]></wp:comment_author_email>
			<wp:comment_author_url>https://wordpress.org/</wp:comment_author_url>
			<wp:comment_author_IP><![CDATA[]]></wp:comment_author_IP>
			<wp:comment_date><![CDATA[2019-08-13 17:38:55]]></wp:comment_date>
			<wp:comment_date_gmt><![CDATA[2019-08-13 14:38:55]]></wp:comment_date_gmt>
			<wp:comment_content><![CDATA[Привет! Это комментарий.
Чтобы начать модерировать, редактировать и удалять комментарии, перейдите на экран «Комментарии» в консоли.
Аватары авторов комментариев загружаются с сервиса <a href="https://ru.gravatar.com">Gravatar</a>.]]></wp:comment_content>
			<wp:comment_approved><![CDATA[1]]></wp:comment_approved>
			<wp:comment_type><![CDATA[]]></wp:comment_type>
			<wp:comment_parent>0</wp:comment_parent>
			<wp:comment_user_id>0</wp:comment_user_id>
							</wp:comment>
					</item>
					<item>
		<title>Политика конфиденциальности</title>
		<link>http://artjetfly/privacy-policy__trashed/</link>
		<pubDate>Tue, 13 Aug 2019 14:38:55 +0000</pubDate>
		<dc:creator><![CDATA[artjetfly]]></dc:creator>
		<guid isPermaLink="false">http://artjetfly/?page_id=3</guid>
		<description></description>
		<content:encoded><![CDATA[<!-- wp:heading --><h2>Кто мы</h2><!-- /wp:heading --><!-- wp:paragraph --><p>Наш адрес сайта: http://artjetfly.</p><!-- /wp:paragraph --><!-- wp:heading --><h2>Какие персональные данные мы собираем и с какой целью</h2><!-- /wp:heading --><!-- wp:heading {"level":3} --><h3>Комментарии</h3><!-- /wp:heading --><!-- wp:paragraph --><p>Если посетитель оставляет комментарий на сайте, мы собираем данные указанные в форме комментария, а также IP адрес посетителя и данные user-agent браузера с целью определения спама.</p><!-- /wp:paragraph --><!-- wp:paragraph --><p>Анонимизированная строка создаваемая из вашего адреса email ("хеш") может предоставляться сервису Gravatar, чтобы определить используете ли вы его. Политика конфиденциальности Gravatar доступна здесь: https://automattic.com/privacy/ . После одобрения комментария ваше изображение профиля будет видимым публично в контексте вашего комментария.</p><!-- /wp:paragraph --><!-- wp:heading {"level":3} --><h3>Медиафайлы</h3><!-- /wp:heading --><!-- wp:paragraph --><p>Если вы зарегистрированный пользователь и загружаете фотографии на сайт, вам возможно следует избегать загрузки изображений с метаданными EXIF, так как они могут содержать данные вашего месторасположения по GPS. Посетители могут извлечь эту информацию скачав изображения с сайта.</p><!-- /wp:paragraph --><!-- wp:heading {"level":3} --><h3>Формы контактов</h3><!-- /wp:heading --><!-- wp:heading {"level":3} --><h3>Куки</h3><!-- /wp:heading --><!-- wp:paragraph --><p>Если вы оставляете комментарий на нашем сайте, вы можете включить сохранение вашего имени, адреса email и вебсайта в куки. Это делается для вашего удобства, чтобы не заполнять данные снова при повторном комментировании. Эти куки хранятся в течение одного года.</p><!-- /wp:paragraph --><!-- wp:paragraph --><p>Если у вас есть учетная запись на сайте и вы войдете в неё, мы установим временный куки для определения поддержки куки вашим браузером, куки не содержит никакой личной информации и удаляется при закрытии вашего браузера.</p><!-- /wp:paragraph --><!-- wp:paragraph --><p>При входе в учетную запись мы также устанавливаем несколько куки с данными входа и настройками экрана. Куки входа хранятся в течение двух дней, куки с настройками экрана - год. Если вы выберете возможность "Запомнить меня", данные о входе будут сохраняться в течение двух недель. При выходе из учетной записи куки входа будут удалены.</p><!-- /wp:paragraph --><!-- wp:paragraph --><p>При редактировании или публикации статьи в браузере будет сохранен дополнительный куки, он не содержит персональных данных и содержит только ID записи отредактированной вами, истекает через 1 день.</p><!-- /wp:paragraph --><!-- wp:heading {"level":3} --><h3>Встраиваемое содержимое других вебсайтов</h3><!-- /wp:heading --><!-- wp:paragraph --><p>Статьи на этом сайте могут включать встраиваемое содержимое (например видео, изображения, статьи и др.), подобное содержимое ведет себя так же, как если бы посетитель зашел на другой сайт.</p><!-- /wp:paragraph --><!-- wp:paragraph --><p>Эти сайты могут собирать данные о вас, использовать куки, внедрять дополнительное отслеживание третьей стороной и следить за вашим взаимодействием с внедренным содержимым, включая отслеживание взаимодействия, если у вас есть учетная запись и вы авторизовались на том сайте.</p><!-- /wp:paragraph --><!-- wp:heading {"level":3} --><h3>Веб-аналитика</h3><!-- /wp:heading --><!-- wp:heading --><h2>С кем мы делимся вашими данными</h2><!-- /wp:heading --><!-- wp:heading --><h2>Как долго мы храним ваши данные</h2><!-- /wp:heading --><!-- wp:paragraph --><p>Если вы оставляете комментарий, то сам комментарий и его метаданные сохраняются неопределенно долго. Это делается для того, чтобы определять и одобрять последующие комментарии автоматически, вместо помещения их в очередь на одобрение.</p><!-- /wp:paragraph --><!-- wp:paragraph --><p>Для пользователей с регистрацией на нашем сайте мы храним ту личную информацию, которую они указывают в своем профиле. Все пользователи могут видеть, редактировать или удалить свою информацию из профиля в любое время (кроме имени пользователя). Администрация вебсайта также может видеть и изменять эту информацию.</p><!-- /wp:paragraph --><!-- wp:heading --><h2>Какие у вас права на ваши данные</h2><!-- /wp:heading --><!-- wp:paragraph --><p>При наличии учетной записи на сайте или если вы оставляли комментарии, то вы можете запросить файл экспорта персональных данных, которые мы сохранили о вас, включая предоставленные вами данные. Вы также можете запросить удаление этих данных, это не включает данные, которые мы обязаны хранить в административных целях, по закону или целях безопасности.</p><!-- /wp:paragraph --><!-- wp:heading --><h2>Куда мы отправляем ваши данные</h2><!-- /wp:heading --><!-- wp:paragraph --><p>Комментарии пользователей могут проверяться автоматическим сервисом определения спама.</p><!-- /wp:paragraph --><!-- wp:heading --><h2>Ваша контактная информация</h2><!-- /wp:heading --><!-- wp:heading --><h2>Дополнительная информация</h2><!-- /wp:heading --><!-- wp:heading {"level":3} --><h3>Как мы защищаем ваши данные</h3><!-- /wp:heading --><!-- wp:heading {"level":3} --><h3>Какие принимаются процедуры против взлома данных</h3><!-- /wp:heading --><!-- wp:heading {"level":3} --><h3>От каких третьих сторон мы получаем данные</h3><!-- /wp:heading --><!-- wp:heading {"level":3} --><h3>Какие автоматические решения принимаются на основе данных пользователей</h3><!-- /wp:heading --><!-- wp:heading {"level":3} --><h3>Требования к раскрытию отраслевых нормативных требований</h3><!-- /wp:heading -->]]></content:encoded>
		<excerpt:encoded><![CDATA[]]></excerpt:encoded>
		<wp:post_id>3</wp:post_id>
		<wp:post_date><![CDATA[2019-08-13 17:38:55]]></wp:post_date>
		<wp:post_date_gmt><![CDATA[2019-08-13 14:38:55]]></wp:post_date_gmt>
		<wp:comment_status><![CDATA[closed]]></wp:comment_status>
		<wp:ping_status><![CDATA[open]]></wp:ping_status>
		<wp:post_name><![CDATA[privacy-policy__trashed]]></wp:post_name>
		<wp:status><![CDATA[trash]]></wp:status>
		<wp:post_parent>0</wp:post_parent>
		<wp:menu_order>0</wp:menu_order>
		<wp:post_type><![CDATA[page]]></wp:post_type>
		<wp:post_password><![CDATA[]]></wp:post_password>
		<wp:is_sticky>0</wp:is_sticky>
														<wp:postmeta>
		<wp:meta_key><![CDATA[_wp_page_template]]></wp:meta_key>
		<wp:meta_value><![CDATA[default]]></wp:meta_value>
		</wp:postmeta>
							<wp:postmeta>
		<wp:meta_key><![CDATA[_wp_trash_meta_status]]></wp:meta_key>
		<wp:meta_value><![CDATA[draft]]></wp:meta_value>
		</wp:postmeta>
							<wp:postmeta>
		<wp:meta_key><![CDATA[_wp_trash_meta_time]]></wp:meta_key>
		<wp:meta_value><![CDATA[1565769423]]></wp:meta_value>
		</wp:postmeta>
							<wp:postmeta>
		<wp:meta_key><![CDATA[_wp_desired_post_slug]]></wp:meta_key>
		<wp:meta_value><![CDATA[privacy-policy]]></wp:meta_value>
		</wp:postmeta>
							</item>
					<item>
		<title>Контактная форма 1</title>
		<link>http://artjetfly/?post_type=wpcf7_contact_form&#038;p=5</link>
		<pubDate>Wed, 14 Aug 2019 07:42:15 +0000</pubDate>
		<dc:creator><![CDATA[artjetfly]]></dc:creator>
		<guid isPermaLink="false">http://artjetfly/?post_type=wpcf7_contact_form&#038;p=5</guid>
		<description></description>
		<content:encoded><![CDATA[<label> Ваше имя (обязательно)
    [text* your-name] </label>

<label> Ваш e-mail (обязательно)
    [email* your-email] </label>

<label> Тема
    [text your-subject] </label>

<label> Сообщение
    [textarea your-message] </label>

[submit "Отправить"]
ArtJetFly "[your-subject]"
ArtJetFly <wordpress@artjetfly>
От: [your-name] <[your-email]>
Тема: [your-subject]

Сообщение:
[your-message]

-- 
Это сообщение отправлено с сайта ArtJetFly (http://artjetfly)
admin@artjetfly.com
Reply-To: [your-email]

0
0

ArtJetFly "[your-subject]"
ArtJetFly <wordpress@artjetfly>
Сообщение:
[your-message]

-- 
Это сообщение отправлено с сайта ArtJetFly (http://artjetfly)
[your-email]
Reply-To: admin@artjetfly.com

0
0
Спасибо за Ваше сообщение. Оно успешно отправлено.
При отправке сообщения произошла ошибка. Пожалуйста, попробуйте ещё раз позже.
Одно или несколько полей содержат ошибочные данные. Пожалуйста, проверьте их и попробуйте ещё раз.
При отправке сообщения произошла ошибка. Пожалуйста, попробуйте ещё раз позже.
Вы должны принять условия и положения перед отправкой вашего сообщения.
Поле обязательно для заполнения.
Поле слишком длинное.
Поле слишком короткое.]]></content:encoded>
		<excerpt:encoded><![CDATA[]]></excerpt:encoded>
		<wp:post_id>5</wp:post_id>
		<wp:post_date><![CDATA[2019-08-14 10:42:15]]></wp:post_date>
		<wp:post_date_gmt><![CDATA[2019-08-14 07:42:15]]></wp:post_date_gmt>
		<wp:comment_status><![CDATA[closed]]></wp:comment_status>
		<wp:ping_status><![CDATA[closed]]></wp:ping_status>
		<wp:post_name><![CDATA[%d0%ba%d0%be%d0%bd%d1%82%d0%b0%d0%ba%d1%82%d0%bd%d0%b0%d1%8f-%d1%84%d0%be%d1%80%d0%bc%d0%b0-1]]></wp:post_name>
		<wp:status><![CDATA[publish]]></wp:status>
		<wp:post_parent>0</wp:post_parent>
		<wp:menu_order>0</wp:menu_order>
		<wp:post_type><![CDATA[wpcf7_contact_form]]></wp:post_type>
		<wp:post_password><![CDATA[]]></wp:post_password>
		<wp:is_sticky>0</wp:is_sticky>
														<wp:postmeta>
		<wp:meta_key><![CDATA[_form]]></wp:meta_key>
		<wp:meta_value><![CDATA[<label> Ваше имя (обязательно)
    [text* your-name] </label>

<label> Ваш e-mail (обязательно)
    [email* your-email] </label>

<label> Тема
    [text your-subject] </label>

<label> Сообщение
    [textarea your-message] </label>

[submit "Отправить"]]]></wp:meta_value>
		</wp:postmeta>
							<wp:postmeta>
		<wp:meta_key><![CDATA[_mail]]></wp:meta_key>
		<wp:meta_value><![CDATA[a:8:{s:7:"subject";s:26:"ArtJetFly "[your-subject]"";s:6:"sender";s:31:"ArtJetFly <wordpress@artjetfly>";s:4:"body";s:188:"От: [your-name] <[your-email]>
Тема: [your-subject]

Сообщение:
[your-message]

-- 
Это сообщение отправлено с сайта ArtJetFly (http://artjetfly)";s:9:"recipient";s:19:"admin@artjetfly.com";s:18:"additional_headers";s:22:"Reply-To: [your-email]";s:11:"attachments";s:0:"";s:8:"use_html";i:0;s:13:"exclude_blank";i:0;}]]></wp:meta_value>
		</wp:postmeta>
							<wp:postmeta>
		<wp:meta_key><![CDATA[_mail_2]]></wp:meta_key>
		<wp:meta_value><![CDATA[a:9:{s:6:"active";b:0;s:7:"subject";s:26:"ArtJetFly "[your-subject]"";s:6:"sender";s:31:"ArtJetFly <wordpress@artjetfly>";s:4:"body";s:129:"Сообщение:
[your-message]

-- 
Это сообщение отправлено с сайта ArtJetFly (http://artjetfly)";s:9:"recipient";s:12:"[your-email]";s:18:"additional_headers";s:29:"Reply-To: admin@artjetfly.com";s:11:"attachments";s:0:"";s:8:"use_html";i:0;s:13:"exclude_blank";i:0;}]]></wp:meta_value>
		</wp:postmeta>
							<wp:postmeta>
		<wp:meta_key><![CDATA[_messages]]></wp:meta_key>
		<wp:meta_value><![CDATA[a:8:{s:12:"mail_sent_ok";s:92:"Спасибо за Ваше сообщение. Оно успешно отправлено.";s:12:"mail_sent_ng";s:144:"При отправке сообщения произошла ошибка. Пожалуйста, попробуйте ещё раз позже.";s:16:"validation_error";s:180:"Одно или несколько полей содержат ошибочные данные. Пожалуйста, проверьте их и попробуйте ещё раз.";s:4:"spam";s:144:"При отправке сообщения произошла ошибка. Пожалуйста, попробуйте ещё раз позже.";s:12:"accept_terms";s:132:"Вы должны принять условия и положения перед отправкой вашего сообщения.";s:16:"invalid_required";s:60:"Поле обязательно для заполнения.";s:16:"invalid_too_long";s:39:"Поле слишком длинное.";s:17:"invalid_too_short";s:41:"Поле слишком короткое.";}]]></wp:meta_value>
		</wp:postmeta>
							<wp:postmeta>
		<wp:meta_key><![CDATA[_additional_settings]]></wp:meta_key>
		<wp:meta_value><![CDATA[]]></wp:meta_value>
		</wp:postmeta>
							<wp:postmeta>
		<wp:meta_key><![CDATA[_locale]]></wp:meta_key>
		<wp:meta_value><![CDATA[ru_RU]]></wp:meta_value>
		</wp:postmeta>
							</item>
				</channel>
</rss>
	